<TextureAtlas name="DragonBones_tutorial_Start" width="512" height="512">
 <SubTexture name="parts/handR" width="49" height="29" x="50" y="199"/>
 <SubTexture name="parts/armR" width="23" height="39" x="127" y="199"/>
 <SubTexture name="parts/armUpperR" width="80" height="47" x="424" y="152"/>
 <SubTexture name="parts/legR" width="90" height="116" x="332" y="141"/>
 <SubTexture name="parts/tail" width="108" height="139" x="332" y="0"/>
 <SubTexture name="parts/head" width="210" height="197" x="0" y="0"/>
 <SubTexture name="parts/body" width="118" height="174" x="212" y="0"/>
 <SubTexture name="parts/legL" width="102" height="90" x="212" y="176"/>
 <SubTexture name="parts/handL" width="48" height="39" x="0" y="199"/>
 <SubTexture name="parts/armL" width="24" height="40" x="101" y="199"/>
 <SubTexture name="parts/armUpperL" width="56" height="43" x="442" y="107"/>
 <SubTexture name="parts/tailTip" width="56" height="105" x="442" y="0"/>
</TextureAtlas>