<TextureAtlas name="ship" width="512" height="512">
  <SubTexture name="shipFolder/ship_1" width="56" height="79" x="0" y="361"/>
  <SubTexture name="shipFolder/ship_2" width="184" height="293" x="0" y="0"/>
  <SubTexture name="shipFolder/ship_3" width="91" height="64" x="0" y="295"/>
  <SubTexture name="shipFolder/ship_4" width="107" height="85" x="376" y="110"/>
  <SubTexture name="shipFolder/ship_5" width="135" height="131" x="186" y="153"/>
  <SubTexture name="shipFolder/ship_6" width="72" height="59" x="215" y="363"/>
  <SubTexture name="shipFolder/ship_7" width="96" height="108" x="376" y="0"/>
  <SubTexture name="shipFolder/ship_8" width="65" height="74" x="93" y="295"/>
  <SubTexture name="shipFolder/ship_9" width="19" height="16" x="474" y="0"/>
  <SubTexture name="shipFolder/ship_10" width="111" height="75" x="186" y="286"/>
  <SubTexture name="shipFolder/ship_11" width="53" height="79" x="160" y="363"/>
  <SubTexture name="shipFolder/ship_12" width="102" height="90" x="323" y="283"/>
  <SubTexture name="shipFolder/ship_13" width="188" height="151" x="186" y="0"/>
  <SubTexture name="shipFolder/ship_14" width="70" height="104" x="427" y="283"/>
  <SubTexture name="shipFolder/ship_15" width="158" height="84" x="323" y="197"/>
</TextureAtlas>