<skeleton name="ShipNEW_animClassic3" frameRate="24" version="2.1">
  <armatures>
    <armature name="masterShip">
      <b name="ship_15" parent="ship_13" x="174.9" y="403" kX="0" kY="0" cX="1" cY="1" pX="79" pY="42" z="0">
        <d name="animShip_15" pX="0" pY="0"/>
      </b>
      <b name="ship_14" parent="ship_13" x="88.95" y="393" kX="0" kY="0" cX="1" cY="1" pX="35" pY="52" z="1">
        <d name="animShip_14" pX="0" pY="0"/>
      </b>
      <b name="ship_13" x="144.9" y="368.5" kX="0" kY="0" cX="1" cY="1" pX="94" pY="75.5" z="2">
        <d name="animShip_13" pX="0" pY="0"/>
      </b>
      <b name="ship_12" parent="ship_13" x="207.95" y="292" kX="0" kY="0" cX="1" cY="1" pX="51" pY="45" z="3">
        <d name="animShip_12" pX="0" pY="0"/>
      </b>
      <b name="ship_11" parent="ship_13" x="112.45" y="266.5" kX="0" kY="0" cX="1" cY="1" pX="26.5" pY="39.5" z="4">
        <d name="animShip_11" pX="0" pY="0"/>
      </b>
      <b name="ship_10" parent="ship_8" x="55.5" y="37.5" kX="0" kY="0" cX="1" cY="1" pX="55.5" pY="37.5" z="5">
        <d name="animShip_10" pX="0" pY="0"/>
      </b>
      <b name="ship_8" parent="ship_2" x="101.45" y="61" kX="0" kY="0" cX="1" cY="1" pX="32.5" pY="37" z="6">
        <d name="animShip_8" pX="0" pY="0"/>
      </b>
      <b name="ship_7" parent="ship_13" x="157" y="377" kX="0" kY="0" cX="1" cY="1" pX="48" pY="54" z="7">
        <d name="animShip_7" pX="0" pY="0"/>
      </b>
      <b name="ship_6" parent="ship_13" x="61" y="365.5" kX="0" kY="0" cX="1" cY="1" pX="36" pY="29.5" z="8">
        <d name="animShip_6" pX="0" pY="0"/>
      </b>
      <b name="ship_5" parent="ship_13" x="86.5" y="326.95" kX="0" kY="0" cX="1" cY="1" pX="67.5" pY="60" z="9">
        <d name="animShip_5" pX="0" pY="0"/>
      </b>
      <b name="ship_4" parent="ship_13" x="253.5" y="342.5" kX="0" kY="0" cX="1" cY="1" pX="53.5" pY="42.5" z="10">
        <d name="animShip_4" pX="0" pY="0"/>
      </b>
      <b name="ship_3" parent="ship_13" x="196" y="342.95" kX="0" kY="0" cX="1" cY="1" pX="45.5" pY="32" z="11">
        <d name="animShip_3" pX="0" pY="0"/>
      </b>
      <b name="ship_2" parent="ship_13" x="101.5" y="196" kX="0" kY="0" cX="1" cY="1" pX="96.5" pY="151" z="12">
        <d name="animShip_2" pX="0" pY="0"/>
      </b>
      <b name="ship_1" parent="ship_13" x="201" y="393.45" kX="0" kY="0" cX="1" cY="1" pX="28" pY="39.5" z="13">
        <d name="animShip_1" pX="0" pY="0"/>
      </b>
    </armature>
  </armatures>
  <animations>
    <animation name="masterShip">
      <mov name="cannon1" dr="15" to="6" drTW="15" lp="0" twE="NaN">
        <b name="ship_15" sc="1" dl="0">
          <f x="174.9" y="403" kX="0" kY="0" cX="1" cY="1" pX="79" pY="42" z="0" dI="0" dr="2"/>
          <f x="171.8" y="419.05" kX="-1.5" kY="-1.51" cX="0.92" cY="1.17" pX="78.95" pY="42" z="0" dI="0" dr="3"/>
          <f x="169.6" y="434.75" kX="-3.81" kY="-3.81" cX="0.81" cY="1.43" pX="78.95" pY="42" z="0" dI="0" dr="2"/>
          <f x="175.65" y="390.6" kX="-2.26" kY="-2.26" cX="1" cY="0.97" pX="78.9" pY="42.05" z="0" dI="0" dr="3"/>
          <f x="174.9" y="403" kX="0" kY="0" cX="1" cY="1" pX="79" pY="42" z="0" dI="0" dr="5"/>
        </b>
        <b name="ship_14" sc="1" dl="0">
          <f x="88.95" y="393" kX="0" kY="0" cX="1" cY="1" pX="35" pY="52" z="1" dI="0" dr="2"/>
          <f x="90.5" y="408.25" kX="10.02" kY="10.02" cX="0.9" cY="1.09" pX="35.05" pY="52" z="1" dI="0" dr="3"/>
          <f x="86.9" y="413.95" kX="25.19" kY="25.19" cX="0.74" cY="1.23" pX="35.05" pY="51.9" z="1" dI="0" dr="2"/>
          <f x="88.9" y="385.65" kX="15.04" kY="15.04" cX="1.26" cY="0.89" pX="35.05" pY="51.85" z="1" dI="0" dr="3"/>
          <f x="88.95" y="393" kX="0" kY="0" cX="1" cY="1" pX="35" pY="52" z="1" dI="0" dr="5"/>
        </b>
        <b name="ship_13" sc="1" dl="0">
          <f x="144.9" y="368.5" kX="0" kY="0" cX="1" cY="1" pX="94" pY="75.5" z="2" dI="0" dr="2"/>
          <f x="144.9" y="382.5" kX="0" kY="0" cX="0.92" cY="1.04" pX="94" pY="75.5" z="2" dI="0" dr="3"/>
          <f x="144.9" y="388.5" kX="0" kY="0" cX="0.8" cY="1.24" pX="94" pY="75.5" z="2" dI="0" dr="2"/>
          <f x="144.9" y="362.5" kX="0" kY="0" cX="0.97" cY="0.82" pX="94" pY="75.45" z="2" dI="0" dr="3"/>
          <f x="144.9" y="368.5" kX="0" kY="0" cX="1" cY="1" pX="94" pY="75.5" z="2" dI="0" dr="5"/>
        </b>
        <b name="ship_12" sc="1" dl="0">
          <f x="207.95" y="292" kX="0" kY="0" cX="1" cY="1" pX="51" pY="45" z="3" dI="0" dr="2"/>
          <f x="211.95" y="299" kX="0" kY="0" cX="1" cY="1" pX="51" pY="45" z="3" dI="0" dr="3"/>
          <f x="204.05" y="293.05" kX="-6.24" kY="-16.3" cX="0.71" cY="1.2" pX="51.1" pY="45" z="3" dI="0" dr="2"/>
          <f x="207.95" y="294.2" kX="-3.56" kY="-9.76" cX="1.01" cY="0.81" pX="51" pY="45" z="3" dI="0" dr="3"/>
          <f x="207.95" y="292" kX="0" kY="0" cX="1" cY="1" pX="51" pY="45" z="3" dI="0" dr="5"/>
        </b>
        <b name="ship_11" sc="1" dl="0">
          <f x="112.45" y="266.5" kX="0" kY="0" cX="1" cY="1" pX="26.5" pY="39.5" z="4" dI="0" dr="2"/>
          <f x="115.45" y="270.1" kX="0" kY="0" cX="1" cY="1.08" pX="26.5" pY="39.5" z="4" dI="0" dr="3"/>
          <f x="110.45" y="270.45" kX="-7.95" kY="-7.95" cX="1" cY="1.08" pX="26.55" pY="39.45" z="4" dI="0" dr="2"/>
          <f x="114.45" y="276" kX="-12.22" kY="-12.22" cX="1.19" cY="0.92" pX="26.5" pY="39.7" z="4" dI="0" dr="3"/>
          <f x="112.45" y="266.5" kX="0" kY="0" cX="1" cY="1" pX="26.5" pY="39.5" z="4" dI="0" dr="5"/>
        </b>
        <b name="ship_10" sc="1" dl="0">
          <f x="55.5" y="37.5" kX="0" kY="0" cX="1" cY="1" pX="55.5" pY="37.5" z="5" dI="0" dr="2"/>
          <f x="107.55" y="19.95" kX="-11.22" kY="-11.22" cX="0.9" cY="1.09" pX="55.55" pY="37.5" z="5" dI="0" dr="3"/>
          <f x="117.95" y="12.6" kX="-8.95" kY="-8.95" cX="0.75" cY="1.21" pX="55.45" pY="37.5" z="5" dI="0" dr="2"/>
          <f x="107.8" y="21.15" kX="31.67" kY="15.37" cX="0.69" cY="1.13" pX="55.45" pY="37.45" z="5" dI="0" dr="4"/>
          <f x="48.25" y="51.45" kX="-16.19" kY="-23.19" cX="0.98" cY="1.05" pX="55.45" pY="37.4" z="5" dI="0" dr="3"/>
          <f x="55.5" y="37.5" kX="0" kY="0" cX="1" cY="1" pX="55.5" pY="37.5" z="5" dI="0" dr="1"/>
        </b>
        <b name="ship_8" sc="1" dl="0">
          <f x="101.45" y="61" kX="0" kY="0" cX="1" cY="1" pX="32.5" pY="37" z="6" dI="0" dr="2"/>
          <f x="154.2" y="35.8" kX="14.56" kY="14.56" cX="1" cY="1.35" pX="32.45" pY="37.05" z="6" dI="0" dr="3"/>
          <f x="161.1" y="33.05" kX="36.75" kY="36.75" cX="1" cY="1.26" pX="32.6" pY="37" z="6" dI="0" dr="2"/>
          <f x="124.2" y="54.7" kX="34.48" kY="34.48" cX="1" cY="1.16" pX="32.65" pY="36.95" z="6" dI="0" dr="3"/>
          <f x="101.45" y="61" kX="0" kY="0" cX="1" cY="1" pX="32.5" pY="37" z="6" dI="0" dr="1"/>
          <f x="101.45" y="61" kX="0" kY="0" cX="1" cY="1" pX="32.5" pY="37" z="6" dI="0" dr="4"/>
        </b>
        <b name="ship_7" sc="1" dl="0">
          <f x="157" y="377" kX="0" kY="0" cX="1" cY="1" pX="48" pY="54" z="7" dI="0" dr="2"/>
          <f x="156.45" y="389.8" kX="0" kY="0" cX="0.97" cY="1.12" pX="48" pY="54" z="7" dI="0" dr="3"/>
          <f x="155.65" y="400.45" kX="-0.02" kY="-0.02" cX="0.92" cY="1.31" pX="48.1" pY="54" z="7" dI="0" dr="2"/>
          <f x="157.2" y="371.75" kX="0" kY="0" cX="1.01" cY="0.78" pX="48.1" pY="54" z="7" dI="0" dr="3"/>
          <f x="157" y="377" kX="0" kY="0" cX="1" cY="1" pX="48" pY="54" z="7" dI="0" dr="5"/>
        </b>
        <b name="ship_6" sc="1" dl="0">
          <f x="61" y="365.5" kX="0" kY="0" cX="1" cY="1" pX="36" pY="29.5" z="8" dI="0" dr="2"/>
          <f x="65.5" y="380.05" kX="-18.95" kY="-18.95" cX="0.92" cY="1.07" pX="36.05" pY="29.55" z="8" dI="0" dr="3"/>
          <f x="63" y="378.5" kX="8.94" kY="8.94" cX="0.81" cY="1.17" pX="36" pY="29.55" z="8" dI="0" dr="2"/>
          <f x="60.15" y="358" kX="5.28" kY="5.28" cX="1.16" cY="0.83" pX="36.05" pY="29.6" z="8" dI="0" dr="3"/>
          <f x="61" y="365.5" kX="0" kY="0" cX="1" cY="1" pX="36" pY="29.5" z="8" dI="0" dr="5"/>
        </b>
        <b name="ship_5" sc="1" dl="0">
          <f x="86.5" y="326.95" kX="0" kY="0" cX="1" cY="1" pX="67.5" pY="60" z="9" dI="0" dr="2"/>
          <f x="90.1" y="334.15" kX="-3.75" kY="-1.47" cX="0.95" cY="1.09" pX="67.5" pY="60.1" z="9" dI="0" dr="3"/>
          <f x="90.5" y="329.95" kX="0" kY="5.88" cX="0.87" cY="1.22" pX="67.5" pY="60" z="9" dI="0" dr="2"/>
          <f x="90.9" y="324.8" kX="4.49" kY="7.99" cX="1.06" cY="0.96" pX="67.5" pY="60.1" z="9" dI="0" dr="3"/>
          <f x="86.5" y="326.95" kX="0" kY="0" cX="1" cY="1" pX="67.5" pY="60" z="9" dI="0" dr="5"/>
        </b>
        <b name="ship_4" sc="1" dl="0">
          <f x="253.5" y="342.5" kX="0" kY="0" cX="1" cY="1" pX="53.5" pY="42.5" z="10" dI="0" dr="2"/>
          <f x="252.95" y="345.75" kX="-9.03" kY="-9.03" cX="1.05" cY="0.92" pX="53.45" pY="42.5" z="10" dI="0" dr="3"/>
          <f x="245.5" y="338.5" kX="-33.48" kY="-33.48" cX="1.13" cY="0.81" pX="53.55" pY="42.4" z="10" dI="0" dr="2"/>
          <f x="256.1" y="343.35" kX="17.44" kY="17.44" cX="1.08" cY="0.89" pX="53.55" pY="42.4" z="10" dI="0" dr="3"/>
          <f x="257.3" y="334.45" kX="-17.17" kY="-17.17" cX="1.04" cY="0.94" pX="53.55" pY="42.4" z="10" dI="0" dr="3"/>
          <f x="253.5" y="342.5" kX="0" kY="0" cX="1" cY="1" pX="53.5" pY="42.5" z="10" dI="0" dr="2"/>
        </b>
        <b name="ship_3" sc="1" dl="0">
          <f x="196" y="342.95" kX="0" kY="0" cX="1" cY="1" pX="45.5" pY="32" z="11" dI="0" dr="2"/>
          <f x="194" y="352.55" kX="-1.51" kY="-5.02" cX="1.04" cY="1" pX="45.5" pY="32" z="11" dI="0" dr="3"/>
          <f x="191" y="355.95" kX="-3.83" kY="-12.71" cX="1.11" cY="1.01" pX="45.55" pY="32" z="11" dI="0" dr="2"/>
          <f x="195.65" y="340.8" kX="-2.26" kY="-7.53" cX="1.07" cY="1.01" pX="45.5" pY="32.05" z="11" dI="0" dr="3"/>
          <f x="196" y="342.95" kX="0" kY="0" cX="1" cY="1" pX="45.5" pY="32" z="11" dI="0" dr="5"/>
        </b>
        <b name="ship_2" sc="1" dl="0">
          <f x="101.5" y="196" kX="0" kY="0" cX="1" cY="1" pX="96.5" pY="151" z="12" dI="0" dr="2"/>
          <f x="127.5" y="188.5" kX="9" kY="9" cX="0.93" cY="1.09" pX="96.45" pY="150.95" z="12" dI="0" dr="3"/>
          <f x="126.75" y="182.3" kX="6.4" kY="6.41" cX="0.81" cY="1.15" pX="96.4" pY="150.95" z="12" dI="0" dr="2"/>
          <f x="102.8" y="192.85" kX="1.3" kY="1.3" cX="1.02" cY="1.01" pX="96.45" pY="151.1" z="12" dI="0" dr="3"/>
          <f x="101.5" y="196" kX="0" kY="0" cX="1" cY="1" pX="96.5" pY="151" z="12" dI="0" dr="5"/>
        </b>
        <b name="ship_1" sc="1" dl="0">
          <f x="201" y="393.45" kX="0" kY="0" cX="1" cY="1" pX="28" pY="39.5" z="13" dI="0" dr="2"/>
          <f x="196.65" y="407.15" kX="2.55" kY="2.55" cX="0.94" cY="1.08" pX="28" pY="39.45" z="13" dI="0" dr="3"/>
          <f x="192.65" y="421.65" kX="6.71" kY="6.71" cX="0.86" cY="1.2" pX="27.9" pY="39.5" z="13" dI="0" dr="2"/>
          <f x="202.4" y="383.5" kX="-9.19" kY="-9.19" cX="1.2" cY="0.69" pX="27.9" pY="39.65" z="13" dI="0" dr="3"/>
          <f x="201" y="393.45" kX="0" kY="0" cX="1" cY="1" pX="28" pY="39.5" z="13" dI="0" dr="5"/>
        </b>
      </mov>
      <mov name="cannon2" dr="16" to="NaN" drTW="16" lp="0" twE="1.4499999999999997">
        <b name="ship_15" sc="1" dl="0">
          <f x="174.9" y="403" kX="0" kY="0" cX="1" cY="1" pX="79" pY="42" z="0" dI="0" dr="2"/>
          <f x="179.85" y="418.85" kX="-1.28" kY="-1.28" cX="1.09" cY="0.93" pX="78.95" pY="42" z="0" dI="0" dr="3"/>
          <f x="179.85" y="420" kX="-3.48" kY="-3.48" cX="1.23" cY="0.82" pX="79" pY="42" z="0" dI="0" dr="2"/>
          <f x="178.85" y="419.25" kX="0.21" kY="0.22" cX="1.14" cY="0.89" pX="78.95" pY="42.05" z="0" dI="0" dr="3"/>
          <f x="174.9" y="403" kX="0" kY="0" cX="1" cY="1" pX="79" pY="42" z="0" dI="0" dr="6"/>
        </b>
        <b name="ship_14" sc="1" dl="0">
          <f x="88.95" y="393" kX="0" kY="0" cX="1" cY="1" pX="35" pY="52" z="1" dI="0" dr="2"/>
          <f x="81.35" y="399.8" kX="20.53" kY="16.26" cX="1.01" cY="0.93" pX="35.05" pY="51.95" z="1" dI="0" dr="3"/>
          <f x="69.95" y="415" kX="34.8" kY="23.95" cX="1.02" cY="0.82" pX="34.9" pY="52" z="1" dI="0" dr="2"/>
          <f x="79.55" y="402.15" kX="20.81" kY="14.29" cX="1.01" cY="0.76" pX="34.85" pY="52.05" z="1" dI="0" dr="3"/>
          <f x="88.95" y="393" kX="0" kY="0" cX="1" cY="1" pX="35" pY="52" z="1" dI="0" dr="6"/>
        </b>
        <b name="ship_13" sc="1" dl="0">
          <f x="144.9" y="368.5" kX="0" kY="0" cX="1" cY="1" pX="94" pY="75.5" z="2" dI="0" dr="2"/>
          <f x="141.95" y="381.2" kX="-0.5" kY="-0.03" cX="1.13" cY="0.99" pX="94.1" pY="75.6" z="2" dI="0" dr="3"/>
          <f x="137.4" y="390.15" kX="-1.26" kY="-0.32" cX="1.32" cY="0.8" pX="94" pY="75.45" z="2" dI="0" dr="2"/>
          <f x="140.35" y="381.5" kX="-0.75" kY="-0.05" cX="1.19" cY="0.96" pX="94" pY="75.5" z="2" dI="0" dr="3"/>
          <f x="144.9" y="368.5" kX="0" kY="0" cX="1" cY="1" pX="94" pY="75.5" z="2" dI="0" dr="6"/>
        </b>
        <b name="ship_12" sc="1" dl="0">
          <f x="207.95" y="292" kX="0" kY="0" cX="1" cY="1" pX="51" pY="45" z="3" dI="0" dr="2"/>
          <f x="214.1" y="306.75" kX="0" kY="-2.27" cX="1.14" cY="0.76" pX="51" pY="45.05" z="3" dI="0" dr="3"/>
          <f x="225.95" y="323.75" kX="0" kY="-5.8" cX="1.36" cY="0.73" pX="51" pY="45" z="3" dI="0" dr="2"/>
          <f x="224.75" y="314.1" kX="16.73" kY="13.43" cX="1.22" cY="0.84" pX="51" pY="44.95" z="3" dI="0" dr="3"/>
          <f x="203.95" y="293" kX="-10.45" kY="-10.45" cX="1" cY="1" pX="51" pY="45.05" z="3" dI="0" dr="3"/>
          <f x="207.95" y="292" kX="0" kY="0" cX="1" cY="1" pX="51" pY="45" z="3" dI="0" dr="3"/>
        </b>
        <b name="ship_11" sc="1" dl="0">
          <f x="112.45" y="266.5" kX="0" kY="0" cX="1" cY="1" pX="26.5" pY="39.5" z="4" dI="0" dr="2"/>
          <f x="108.5" y="282.55" kX="5.31" kY="5.31" cX="1.12" cY="0.92" pX="26.45" pY="39.55" z="4" dI="0" dr="3"/>
          <f x="102.4" y="306.5" kX="13.75" kY="13.75" cX="1.3" cY="0.8" pX="26.5" pY="39.55" z="4" dI="0" dr="2"/>
          <f x="87.35" y="287.45" kX="-19.92" kY="-19.92" cX="1.18" cY="0.88" pX="26.5" pY="39.45" z="4" dI="0" dr="3"/>
          <f x="112.45" y="266.5" kX="0" kY="0" cX="1" cY="1" pX="26.5" pY="39.5" z="4" dI="0" dr="6"/>
        </b>
        <b name="ship_10" sc="1" dl="0">
          <f x="55.5" y="37.5" kX="0" kY="0" cX="1" cY="1" pX="55.5" pY="37.5" z="5" dI="0" dr="2"/>
          <f x="63.15" y="54.9" kX="15.79" kY="9.27" cX="1" cY="1.02" pX="55.55" pY="37.5" z="5" dI="0" dr="3"/>
          <f x="11.5" y="100.95" kX="39.65" kY="23.28" cX="1" cY="1.04" pX="55.5" pY="37.45" z="5" dI="0" dr="2"/>
          <f x="27.5" y="78.55" kX="34.26" kY="24.29" cX="1" cY="1.02" pX="55.4" pY="37.45" z="5" dI="0" dr="2"/>
          <f x="49.25" y="48.8" kX="11.55" kY="4.51" cX="1" cY="1.02" pX="55.65" pY="37.5" z="5" dI="0" dr="2"/>
          <f x="52.6" y="45" kX="-10.92" kY="-15.18" cX="1" cY="1.01" pX="55.45" pY="37.6" z="5" dI="0" dr="4"/>
          <f x="51.6" y="62.45" kX="-28.62" kY="-32.89" cX="1" cY="1.01" pX="55.5" pY="37.55" z="5" dI="0" dr="1"/>
        </b>
        <b name="ship_8" sc="1" dl="0">
          <f x="101.45" y="61" kX="0" kY="0" cX="1" cY="1" pX="32.5" pY="37" z="6" dI="0" dr="2"/>
          <f x="98.7" y="83" kX="-6.76" kY="-2.29" cX="1.12" cY="0.94" pX="32.5" pY="37" z="6" dI="0" dr="3"/>
          <f x="31.4" y="136" kX="-16.98" kY="-6" cX="1.31" cY="0.85" pX="32.5" pY="36.9" z="6" dI="0" dr="2"/>
          <f x="54.45" y="114" kX="-10.05" kY="-3.53" cX="1.18" cY="0.91" pX="32.5" pY="36.9" z="6" dI="0" dr="3"/>
          <f x="101.45" y="61" kX="0" kY="0" cX="1" cY="1" pX="32.5" pY="37" z="6" dI="0" dr="6"/>
        </b>
        <b name="ship_7" sc="1" dl="0">
          <f x="157" y="377" kX="0" kY="0" cX="1" cY="1" pX="48" pY="54" z="7" dI="0" dr="2"/>
          <f x="156.4" y="389.85" kX="-2.52" kY="-2.52" cX="1.16" cY="1.01" pX="47.95" pY="54.05" z="7" dI="0" dr="3"/>
          <f x="155.55" y="396.5" kX="-6.45" kY="-6.45" cX="1.4" cY="0.8" pX="48" pY="53.9" z="7" dI="0" dr="2"/>
          <f x="156.1" y="388.75" kX="-3.78" kY="-3.78" cX="1.24" cY="0.88" pX="47.9" pY="53.95" z="7" dI="0" dr="3"/>
          <f x="157" y="377" kX="0" kY="0" cX="1" cY="1" pX="48" pY="54" z="7" dI="0" dr="6"/>
        </b>
        <b name="ship_6" sc="1" dl="0">
          <f x="61" y="365.5" kX="0" kY="0" cX="1" cY="1" pX="36" pY="29.5" z="8" dI="0" dr="2"/>
          <f x="45.05" y="376.45" kX="3.05" kY="3.05" cX="1.11" cY="1" pX="36" pY="29.5" z="8" dI="0" dr="3"/>
          <f x="16.3" y="382.9" kX="7.99" kY="7.99" cX="1.28" cY="1" pX="36.05" pY="29.55" z="8" dI="0" dr="2"/>
          <f x="35.15" y="379.9" kX="-14.93" kY="-14.93" cX="1.17" cY="1" pX="35.95" pY="29.5" z="8" dI="0" dr="3"/>
          <f x="61" y="365.5" kX="0" kY="0" cX="1" cY="1" pX="36" pY="29.5" z="8" dI="0" dr="6"/>
        </b>
        <b name="ship_5" sc="1" dl="0">
          <f x="86.5" y="326.95" kX="0" kY="0" cX="1" cY="1" pX="67.5" pY="60" z="9" dI="0" dr="2"/>
          <f x="71.3" y="340.6" kX="-1.52" kY="-1.52" cX="1.14" cY="0.94" pX="67.55" pY="60" z="9" dI="0" dr="3"/>
          <f x="55.5" y="354.1" kX="4.53" kY="4.53" cX="1.34" cY="0.85" pX="67.55" pY="60" z="9" dI="0" dr="2"/>
          <f x="65.65" y="339.4" kX="-2.28" kY="-2.28" cX="1.2" cY="0.98" pX="67.5" pY="59.9" z="9" dI="0" dr="3"/>
          <f x="86.5" y="326.95" kX="0" kY="0" cX="1" cY="1" pX="67.5" pY="60" z="9" dI="0" dr="6"/>
        </b>
        <b name="ship_4" sc="1" dl="0">
          <f x="253.5" y="342.5" kX="0" kY="0" cX="1" cY="1" pX="53.5" pY="42.5" z="10" dI="0" dr="2"/>
          <f x="262.1" y="351.3" kX="1.18" kY="1.18" cX="1.1" cY="1" pX="53.5" pY="42.45" z="10" dI="0" dr="3"/>
          <f x="277.5" y="352.3" kX="-24.45" kY="-24.45" cX="1.24" cY="1" pX="53.5" pY="42.45" z="10" dI="0" dr="2"/>
          <f x="266.9" y="344.45" kX="-27.78" kY="-27.77" cX="1.14" cY="1" pX="53.5" pY="42.4" z="10" dI="0" dr="3"/>
          <f x="251.9" y="347.2" kX="9.38" kY="9.38" cX="1.06" cY="1" pX="53.45" pY="42.55" z="10" dI="0" dr="2"/>
          <f x="253.5" y="342.5" kX="0" kY="0" cX="1" cY="1" pX="53.5" pY="42.5" z="10" dI="0" dr="4"/>
        </b>
        <b name="ship_3" sc="1" dl="0">
          <f x="196" y="342.95" kX="0" kY="0" cX="1" cY="1" pX="45.5" pY="32" z="11" dI="0" dr="2"/>
          <f x="196" y="352.15" kX="-8.02" kY="-8.02" cX="1.12" cY="0.93" pX="45.45" pY="32.05" z="11" dI="0" dr="3"/>
          <f x="203.65" y="365.95" kX="-6.48" kY="-6.48" cX="1.31" cY="0.83" pX="45.45" pY="32.1" z="11" dI="0" dr="2"/>
          <f x="200.6" y="355.75" kX="0.93" kY="0.93" cX="1.18" cY="0.9" pX="45.5" pY="32.05" z="11" dI="0" dr="3"/>
          <f x="196" y="342.95" kX="0" kY="0" cX="1" cY="1" pX="45.5" pY="32" z="11" dI="0" dr="6"/>
        </b>
        <b name="ship_2" sc="1" dl="0">
          <f x="101.5" y="196" kX="0" kY="0" cX="1" cY="1" pX="96.5" pY="151" z="12" dI="0" dr="2"/>
          <f x="98.65" y="211.5" kX="2.17" kY="2.17" cX="1.09" cY="0.95" pX="96.35" pY="151" z="12" dI="0" dr="3"/>
          <f x="59.4" y="252.25" kX="-12.39" kY="-12.39" cX="1.23" cY="0.89" pX="96.4" pY="150.9" z="12" dI="0" dr="2"/>
          <f x="70.25" y="232.65" kX="-7.3" kY="-7.3" cX="1.23" cY="0.88" pX="96.5" pY="150.85" z="12" dI="0" dr="3"/>
          <f x="101.5" y="196" kX="0" kY="0" cX="1" cY="1" pX="96.5" pY="151" z="12" dI="0" dr="6"/>
        </b>
        <b name="ship_1" sc="1" dl="0">
          <f x="201" y="393.45" kX="0" kY="0" cX="1" cY="1" pX="28" pY="39.5" z="13" dI="0" dr="2"/>
          <f x="207.2" y="403.05" kX="5.03" kY="0" cX="1.15" cY="0.94" pX="28" pY="39.5" z="13" dI="0" dr="3"/>
          <f x="216.5" y="407.5" kX="12.84" kY="0" cX="1.38" cY="0.85" pX="28" pY="39.5" z="13" dI="0" dr="2"/>
          <f x="210.3" y="399.95" kX="7.56" kY="0" cX="1.23" cY="0.91" pX="28.05" pY="39.5" z="13" dI="0" dr="3"/>
          <f x="201" y="393.45" kX="0" kY="0" cX="1" cY="1" pX="28" pY="39.5" z="13" dI="0" dr="6"/>
        </b>
      </mov>
      <mov name="cannon3" dr="15" to="6" drTW="15" lp="0" twE="NaN">
        <b name="ship_15" sc="1" dl="0">
          <f x="174.9" y="403" kX="0" kY="0" cX="1" cY="1" pX="79" pY="42" z="0" dI="0" dr="2"/>
          <f x="174.15" y="408.35" kX="9.58" kY="-10.27" cX="0.97" cY="1.06" pX="78.95" pY="41.9" z="0" dI="0" dr="3"/>
          <f x="170.85" y="421.9" kX="-26.24" kY="-20.47" cX="0.97" cY="1.05" pX="79.05" pY="41.95" z="0" dI="0" dr="2"/>
          <f x="166.45" y="414.5" kX="-13.6" kY="-10.1" cX="0.95" cY="1" pX="78.95" pY="41.95" z="0" dI="0" dr="1"/>
          <f x="167.2" y="413.3" kX="-5.54" kY="-3.27" cX="0.97" cY="1" pX="78.85" pY="42" z="0" dI="0" dr="2"/>
          <f x="174.9" y="403" kX="0" kY="0" cX="1" cY="1" pX="79" pY="42" z="0" dI="0" dr="5"/>
        </b>
        <b name="ship_14" sc="1" dl="0">
          <f x="88.95" y="393" kX="0" kY="0" cX="1" cY="1" pX="35" pY="52" z="1" dI="0" dr="2"/>
          <f x="92.5" y="397.35" kX="12.16" kY="7.69" cX="1.01" cY="1" pX="35" pY="52.05" z="1" dI="0" dr="3"/>
          <f x="82.85" y="430.95" kX="-12.96" kY="-23.85" cX="1.02" cY="1" pX="35.1" pY="51.95" z="1" dI="0" dr="2"/>
          <f x="81.3" y="410.85" kX="-7.76" kY="-14.28" cX="1.01" cY="1" pX="35.1" pY="52.1" z="1" dI="0" dr="3"/>
          <f x="88.95" y="393" kX="0" kY="0" cX="1" cY="1" pX="35" pY="52" z="1" dI="0" dr="5"/>
        </b>
        <b name="ship_13" sc="1" dl="0">
          <f x="144.9" y="368.5" kX="0" kY="0" cX="1" cY="1" pX="94" pY="75.5" z="2" dI="0" dr="2"/>
          <f x="147.8" y="374" kX="8.91" kY="-3.54" cX="1.03" cY="1.02" pX="93.95" pY="75.65" z="2" dI="0" dr="3"/>
          <f x="124.9" y="399.5" kX="-18.94" kY="-9.17" cX="1.07" cY="0.88" pX="94.05" pY="75.45" z="2" dI="0" dr="2"/>
          <f x="132.9" y="384.1" kX="-2.18" kY="-5.5" cX="1.04" cY="0.92" pX="94" pY="75.4" z="2" dI="0" dr="3"/>
          <f x="144.9" y="368.5" kX="0" kY="0" cX="1" cY="1" pX="94" pY="75.5" z="2" dI="0" dr="5"/>
        </b>
        <b name="ship_12" sc="1" dl="0">
          <f x="207.95" y="292" kX="0" kY="0" cX="1" cY="1" pX="51" pY="45" z="3" dI="0" dr="2"/>
          <f x="209.3" y="286.8" kX="-0.66" kY="-2.55" cX="1" cY="1.02" pX="51" pY="45" z="3" dI="0" dr="3"/>
          <f x="198.95" y="309" kX="17.24" kY="-6.72" cX="1" cY="1.09" pX="51" pY="45.05" z="3" dI="0" dr="2"/>
          <f x="211.65" y="303.2" kX="19.75" kY="5.46" cX="1" cY="1.06" pX="51.1" pY="45.1" z="3" dI="0" dr="3"/>
          <f x="207.95" y="292" kX="0" kY="0" cX="1" cY="1" pX="51" pY="45" z="3" dI="0" dr="5"/>
        </b>
        <b name="ship_11" sc="1" dl="0">
          <f x="112.45" y="266.5" kX="0" kY="0" cX="1" cY="1" pX="26.5" pY="39.5" z="4" dI="0" dr="2"/>
          <f x="122.2" y="261.95" kX="6.04" kY="3.81" cX="1" cY="1.05" pX="26.5" pY="39.5" z="4" dI="0" dr="3"/>
          <f x="74.45" y="287.55" kX="15.39" kY="9.95" cX="1" cY="1.34" pX="26.45" pY="39.5" z="4" dI="0" dr="2"/>
          <f x="75.75" y="282.1" kX="-25.43" kY="-28.69" cX="1" cY="1.2" pX="26.55" pY="39.6" z="4" dI="0" dr="3"/>
          <f x="112.45" y="266.5" kX="0" kY="0" cX="1" cY="1" pX="26.5" pY="39.5" z="4" dI="0" dr="5"/>
        </b>
        <b name="ship_10" sc="1" dl="0">
          <f x="51.6" y="62.45" kX="-28.62" kY="-32.89" cX="1" cY="1.01" pX="55.5" pY="37.55" z="5" dI="0" dr="2"/>
          <f x="29.55" y="72.85" kX="-34.77" kY="-44.79" cX="1.04" cY="1.01" pX="55.45" pY="37.55" z="5" dI="0" dr="3"/>
          <f x="123.2" y="63.7" kX="-8.11" kY="-26.67" cX="1.1" cY="1.02" pX="55.45" pY="37.55" z="5" dI="0" dr="2"/>
          <f x="185.8" y="36.55" kX="22.91" kY="10.52" cX="1.02" cY="1.01" pX="55.45" pY="37.55" z="5" dI="0" dr="3"/>
          <f x="193.35" y="9.85" kX="56.51" kY="52.24" cX="1" cY="1.01" pX="55.5" pY="37.55" z="5" dI="0" dr="5"/>
        </b>
        <b name="ship_8" sc="1" dl="0">
          <f x="101.45" y="61" kX="0" kY="0" cX="1" cY="1" pX="32.5" pY="37" z="6" dI="0" dr="2"/>
          <f x="77.1" y="61.45" kX="-7.4" kY="-11.92" cX="0.98" cY="1.05" pX="32.45" pY="36.95" z="6" dI="0" dr="3"/>
          <f x="170.75" y="67.7" kX="18.05" kY="6.68" cX="0.95" cY="1.14" pX="32.55" pY="37" z="6" dI="0" dr="2"/>
          <f x="212.8" y="62.75" kX="28.68" kY="22.73" cX="0.94" cY="1.08" pX="32.6" pY="37" z="6" dI="0" dr="3"/>
          <f x="198.85" y="62.15" kX="31.71" kY="31.71" cX="1" cY="1" pX="32.45" pY="37.1" z="6" dI="0" dr="5"/>
        </b>
        <b name="ship_7" sc="1" dl="0">
          <f x="157" y="377" kX="0" kY="0" cX="1" cY="1" pX="48" pY="54" z="7" dI="0" dr="2"/>
          <f x="156.55" y="378.7" kX="7.91" kY="12.43" cX="1.07" cY="1.01" pX="48" pY="53.9" z="7" dI="0" dr="3"/>
          <f x="135.7" y="398.75" kX="-25.85" kY="-14.45" cX="1.18" cY="1.02" pX="48.1" pY="54.1" z="7" dI="0" dr="2"/>
          <f x="144.2" y="387.1" kX="-7.55" kY="-0.58" cX="1.11" cY="1.01" pX="48.15" pY="54.05" z="7" dI="0" dr="3"/>
          <f x="157" y="377" kX="0" kY="0" cX="1" cY="1" pX="48" pY="54" z="7" dI="0" dr="5"/>
        </b>
        <b name="ship_6" sc="1" dl="0">
          <f x="61" y="365.5" kX="0" kY="0" cX="1" cY="1" pX="36" pY="29.5" z="8" dI="0" dr="2"/>
          <f x="61.85" y="377.15" kX="-14.4" kY="-12.8" cX="1.1" cY="0.93" pX="35.9" pY="29.5" z="8" dI="0" dr="3"/>
          <f x="31" y="419.5" kX="-62.2" kY="-32.25" cX="1.26" cY="0.88" pX="36" pY="29.6" z="8" dI="0" dr="2"/>
          <f x="38.05" y="389.8" kX="-10.59" kY="-10.09" cX="1.15" cY="0.99" pX="35.85" pY="29.55" z="8" dI="0" dr="3"/>
          <f x="61" y="365.5" kX="0" kY="0" cX="1" cY="1" pX="36" pY="29.5" z="8" dI="0" dr="5"/>
        </b>
        <b name="ship_5" sc="1" dl="0">
          <f x="86.5" y="326.95" kX="0" kY="0" cX="1" cY="1" pX="67.5" pY="60" z="9" dI="0" dr="2"/>
          <f x="92.25" y="330.85" kX="-1" kY="-8.55" cX="1" cY="1.13" pX="67.65" pY="60" z="9" dI="0" dr="3"/>
          <f x="43" y="369.2" kX="-35.08" kY="-21.67" cX="1.26" cY="1.03" pX="67.55" pY="59.85" z="9" dI="0" dr="2"/>
          <f x="65.4" y="346.25" kX="-6.96" kY="-7.53" cX="1.16" cY="1.01" pX="67.6" pY="59.9" z="9" dI="0" dr="3"/>
          <f x="86.5" y="326.95" kX="0" kY="0" cX="1" cY="1" pX="67.5" pY="60" z="9" dI="0" dr="5"/>
        </b>
        <b name="ship_4" sc="1" dl="0">
          <f x="253.5" y="342.5" kX="0" kY="0" cX="1" cY="1" pX="53.5" pY="42.5" z="10" dI="0" dr="2"/>
          <f x="254.4" y="324.7" kX="-26.51" kY="-26.51" cX="1.09" cY="1" pX="53.5" pY="42.5" z="10" dI="0" dr="3"/>
          <f x="235.65" y="337.45" kX="-38.48" kY="-38.48" cX="1.22" cY="1" pX="53.6" pY="42.55" z="10" dI="0" dr="2"/>
          <f x="237.75" y="362.4" kX="16.92" kY="16.92" cX="1.13" cY="1" pX="53.55" pY="42.55" z="10" dI="0" dr="4"/>
          <f x="250.4" y="352.75" kX="16.11" kY="16.11" cX="1.05" cY="1" pX="53.55" pY="42.55" z="10" dI="0" dr="3"/>
          <f x="243.7" y="355.2" kX="29.21" kY="29.21" cX="1" cY="1" pX="53.5" pY="42.55" z="10" dI="0" dr="1"/>
        </b>
        <b name="ship_3" sc="1" dl="0">
          <f x="196" y="342.95" kX="0" kY="0" cX="1" cY="1" pX="45.5" pY="32" z="11" dI="0" dr="2"/>
          <f x="195.3" y="346.2" kX="-27.01" kY="-17.51" cX="1.15" cY="0.94" pX="45.45" pY="32" z="11" dI="0" dr="3"/>
          <f x="169.05" y="363.6" kX="-33.14" kY="-9.51" cX="1.37" cY="0.85" pX="45.5" pY="32" z="11" dI="0" dr="2"/>
          <f x="181.9" y="355.35" kX="-19.8" kY="-5.55" cX="1.14" cY="0.92" pX="45.55" pY="32.1" z="11" dI="0" dr="3"/>
          <f x="196" y="342.95" kX="0" kY="0" cX="1" cY="1" pX="45.5" pY="32" z="11" dI="0" dr="5"/>
        </b>
        <b name="ship_2" sc="1" dl="0">
          <f x="101.5" y="196" kX="0" kY="0" cX="1" cY="1" pX="96.5" pY="151" z="12" dI="0" dr="2"/>
          <f x="93.55" y="201.05" kX="-7.4" kY="-11.92" cX="0.98" cY="1.05" pX="96.55" pY="150.95" z="12" dI="0" dr="3"/>
          <f x="123.25" y="213.5" kX="18.05" kY="6.68" cX="0.95" cY="1.14" pX="96.5" pY="151.05" z="12" dI="0" dr="2"/>
          <f x="151.8" y="195" kX="23.83" kY="17.54" cX="0.93" cY="1.08" pX="96.45" pY="151" z="12" dI="0" dr="3"/>
          <f x="148.4" y="187.6" kX="19.24" kY="19.24" cX="1" cY="1" pX="96.55" pY="150.95" z="12" dI="0" dr="5"/>
        </b>
        <b name="ship_1" sc="1" dl="0">
          <f x="201" y="393.45" kX="0" kY="0" cX="1" cY="1" pX="28" pY="39.5" z="13" dI="0" dr="2"/>
          <f x="200.4" y="396.8" kX="5.54" kY="0" cX="1" cY="1.01" pX="28" pY="39.5" z="13" dI="0" dr="3"/>
          <f x="197" y="414.45" kX="-15.56" kY="0" cX="1" cY="1.04" pX="28" pY="39.5" z="13" dI="0" dr="2"/>
          <f x="193.6" y="404.05" kX="10.95" kY="20.23" cX="1" cY="1.02" pX="28" pY="39.5" z="13" dI="0" dr="3"/>
          <f x="201" y="393.45" kX="0" kY="0" cX="1" cY="1" pX="28" pY="39.5" z="13" dI="0" dr="5"/>
        </b>
      </mov>
      <mov name="cannon4" dr="17" to="6" drTW="17" lp="0" twE="NaN">
        <b name="ship_15" sc="1" dl="0">
          <f x="174.9" y="403" kX="0" kY="0" cX="1" cY="1" pX="79" pY="42" z="0" dI="0" dr="3"/>
          <f x="179.4" y="408.1" kX="-3.31" kY="-3.31" cX="1.08" cY="0.93" pX="79" pY="41.95" z="0" dI="0" dr="3"/>
          <f x="169.9" y="365.3" kX="-7" kY="-6.99" cX="0.8" cY="1.26" pX="79" pY="42" z="0" dI="0" dr="2"/>
          <f x="174.95" y="360.4" kX="-4.05" kY="-4.05" cX="0.92" cY="1.16" pX="79.15" pY="42.05" z="0" dI="0" dr="3"/>
          <f x="174.9" y="403" kX="0" kY="0" cX="1" cY="1" pX="79" pY="42" z="0" dI="0" dr="6"/>
        </b>
        <b name="ship_14" sc="1" dl="0">
          <f x="88.95" y="393" kX="0" kY="0" cX="1" cY="1" pX="35" pY="52" z="1" dI="0" dr="3"/>
          <f x="84.9" y="403.75" kX="11.82" kY="11.82" cX="1.4" cY="0.75" pX="35" pY="51.9" z="1" dI="0" dr="3"/>
          <f x="92.9" y="345.7" kX="23.96" kY="23.96" cX="0.72" cY="1.29" pX="35" pY="52" z="1" dI="0" dr="2"/>
          <f x="91.85" y="351.2" kX="20.56" kY="20.56" cX="1" cY="0.93" pX="35.05" pY="52.05" z="1" dI="0" dr="3"/>
          <f x="90.95" y="394" kX="15.69" kY="15.69" cX="1" cY="1" pX="34.95" pY="51.95" z="1" dI="0" dr="6"/>
        </b>
        <b name="ship_13" sc="1" dl="0">
          <f x="144.9" y="368.5" kX="0" kY="0" cX="1" cY="1" pX="94" pY="75.5" z="2" dI="0" dr="3"/>
          <f x="144.9" y="381.5" kX="0" kY="0" cX="1.14" cY="0.78" pX="94" pY="75.55" z="2" dI="0" dr="3"/>
          <f x="144.9" y="324.5" kX="0" kY="0" cX="0.82" cY="1.17" pX="94" pY="75.45" z="2" dI="0" dr="2"/>
          <f x="144.9" y="329.5" kX="0" kY="0" cX="1" cY="0.92" pX="94.05" pY="75.5" z="2" dI="0" dr="3"/>
          <f x="144.9" y="368.5" kX="0" kY="0" cX="1" cY="1" pX="94" pY="75.5" z="2" dI="0" dr="6"/>
        </b>
        <b name="ship_12" sc="1" dl="0">
          <f x="207.95" y="292" kX="0" kY="0" cX="1" cY="1" pX="51" pY="45" z="3" dI="0" dr="3"/>
          <f x="211.15" y="300.05" kX="-0.26" kY="-4.56" cX="1.05" cY="0.93" pX="51.05" pY="45.05" z="3" dI="0" dr="3"/>
          <f x="202.3" y="224.05" kX="-0.61" kY="-9.47" cX="0.67" cY="1.44" pX="51.05" pY="45.1" z="3" dI="0" dr="2"/>
          <f x="226.15" y="248.25" kX="9.51" kY="-0.53" cX="0.8" cY="1.14" pX="51" pY="45.1" z="3" dI="0" dr="3"/>
          <f x="216.95" y="292" kX="12.71" kY="12.71" cX="1" cY="1" pX="51.05" pY="45.05" z="3" dI="0" dr="6"/>
        </b>
        <b name="ship_11" sc="1" dl="0">
          <f x="112.45" y="266.5" kX="0" kY="0" cX="1" cY="1" pX="26.5" pY="39.5" z="4" dI="0" dr="3"/>
          <f x="115.45" y="299.4" kX="6.72" kY="6.72" cX="1.44" cY="0.8" pX="26.55" pY="39.35" z="4" dI="0" dr="3"/>
          <f x="100.45" y="192.5" kX="-11.47" kY="-11.47" cX="0.77" cY="1.2" pX="26.55" pY="39.55" z="4" dI="0" dr="2"/>
          <f x="110.15" y="226.1" kX="-6.78" kY="-6.79" cX="1.01" cY="1.01" pX="26.4" pY="39.5" z="4" dI="0" dr="3"/>
          <f x="112.45" y="266.5" kX="0" kY="0" cX="1" cY="1" pX="26.5" pY="39.5" z="4" dI="0" dr="6"/>
        </b>
        <b name="ship_10" sc="1" dl="0">
          <f x="193.35" y="9.85" kX="56.51" kY="52.24" cX="1" cY="1.01" pX="55.5" pY="37.55" z="5" dI="0" dr="3"/>
          <f x="153.85" y="36.45" kX="48.68" kY="46.47" cX="0.95" cY="0.95" pX="55.5" pY="37.5" z="5" dI="0" dr="3"/>
          <f x="173.7" y="-80.5" kX="39.5" kY="51" cX="1.11" cY="1.02" pX="55.5" pY="37.4" z="5" dI="0" dr="2"/>
          <f x="136" y="-45.5" kX="44.47" kY="46.23" cX="1.01" cY="0.99" pX="55.45" pY="37.6" z="5" dI="0" dr="3"/>
          <f x="231.45" y="18.75" kX="59.41" kY="58.16" cX="1" cY="1" pX="55.55" pY="37.6" z="5" dI="0" dr="3"/>
          <f x="248.65" y="20.9" kX="74.19" kY="69.93" cX="1" cY="1.01" pX="55.5" pY="37.55" z="5" dI="0" dr="3"/>
        </b>
        <b name="ship_8" sc="1" dl="0">
          <f x="198.85" y="62.15" kX="31.71" kY="31.71" cX="1" cY="1" pX="32.45" pY="37.1" z="6" dI="0" dr="3"/>
          <f x="164.85" y="85.95" kX="23.98" kY="25.94" cX="0.94" cY="0.95" pX="32.5" pY="37.15" z="6" dI="0" dr="3"/>
          <f x="188.45" y="-18.7" kX="15.82" kY="30.65" cX="1" cY="1.13" pX="32.55" pY="37.15" z="6" dI="0" dr="2"/>
          <f x="149.8" y="7.95" kX="19.89" kY="25.65" cX="0.97" cY="1.02" pX="32.45" pY="37" z="6" dI="0" dr="3"/>
          <f x="234.3" y="70.45" kX="39.2" kY="39.2" cX="1" cY="1" pX="32.5" pY="37.05" z="6" dI="0" dr="6"/>
        </b>
        <b name="ship_7" sc="1" dl="0">
          <f x="157" y="377" kX="0" kY="0" cX="1" cY="1" pX="48" pY="54" z="7" dI="0" dr="3"/>
          <f x="158.45" y="385.45" kX="-6.69" kY="-6.69" cX="1.11" cY="0.93" pX="48.1" pY="54.1" z="7" dI="0" dr="3"/>
          <f x="154.45" y="337.95" kX="0" kY="0" cX="0.81" cY="1.3" pX="48" pY="54" z="7" dI="0" dr="2"/>
          <f x="155.45" y="337.55" kX="0" kY="0" cX="0.89" cY="1.07" pX="48" pY="54" z="7" dI="0" dr="3"/>
          <f x="157" y="377" kX="0" kY="0" cX="1" cY="1" pX="48" pY="54" z="7" dI="0" dr="6"/>
        </b>
        <b name="ship_6" sc="1" dl="0">
          <f x="61" y="365.5" kX="0" kY="0" cX="1" cY="1" pX="36" pY="29.5" z="8" dI="0" dr="3"/>
          <f x="54.3" y="376.45" kX="5.53" kY="5.53" cX="1.05" cY="0.75" pX="35.95" pY="29.55" z="8" dI="0" dr="3"/>
          <f x="79.65" y="319.3" kX="11.24" kY="11.24" cX="0.66" cY="1.24" pX="36" pY="29.5" z="8" dI="0" dr="2"/>
          <f x="64.15" y="326.85" kX="6.56" kY="6.56" cX="0.99" cY="1" pX="35.95" pY="29.55" z="8" dI="0" dr="3"/>
          <f x="61" y="365.5" kX="0" kY="0" cX="1" cY="1" pX="36" pY="29.5" z="8" dI="0" dr="6"/>
        </b>
        <b name="ship_5" sc="1" dl="0">
          <f x="86.5" y="326.95" kX="0" kY="0" cX="1" cY="1" pX="67.5" pY="60" z="9" dI="0" dr="3"/>
          <f x="82.3" y="345.05" kX="3.44" kY="3.44" cX="1.07" cY="0.85" pX="67.45" pY="60" z="9" dI="0" dr="3"/>
          <f x="97.5" y="268" kX="-9.23" kY="-9.23" cX="0.76" cY="1.3" pX="67.5" pY="60.05" z="9" dI="0" dr="2"/>
          <f x="87.85" y="287.5" kX="0.92" kY="0.92" cX="0.99" cY="1.09" pX="67.5" pY="59.9" z="9" dI="0" dr="3"/>
          <f x="83.5" y="326.95" kX="-11.47" kY="-11.47" cX="1" cY="1" pX="67.5" pY="60" z="9" dI="0" dr="6"/>
        </b>
        <b name="ship_4" sc="1" dl="0">
          <f x="243.7" y="355.2" kX="29.21" kY="29.21" cX="1" cY="1" pX="53.5" pY="42.55" z="10" dI="0" dr="3"/>
          <f x="257.3" y="350.75" kX="5.95" kY="5.95" cX="1.12" cY="0.91" pX="53.55" pY="42.55" z="10" dI="0" dr="3"/>
          <f x="246.7" y="264.3" kX="-36.77" kY="-36.77" cX="1.42" cY="0.82" pX="53.6" pY="42.5" z="10" dI="0" dr="3"/>
          <f x="259.85" y="295.1" kX="-33.54" kY="-33.54" cX="1.14" cY="0.89" pX="53.55" pY="42.4" z="10" dI="0" dr="3"/>
          <f x="243.75" y="353.2" kX="28.71" kY="28.71" cX="1" cY="1" pX="53.6" pY="42.55" z="10" dI="0" dr="2"/>
          <f x="248.35" y="350" kX="15.08" kY="15.08" cX="1.04" cY="0.97" pX="53.45" pY="42.4" z="10" dI="0" dr="2"/>
          <f x="236.75" y="359.2" kX="44.16" kY="44.16" cX="1" cY="1" pX="53.5" pY="42.6" z="10" dI="0" dr="1"/>
        </b>
        <b name="ship_3" sc="1" dl="0">
          <f x="196" y="342.95" kX="0" kY="0" cX="1" cY="1" pX="45.5" pY="32" z="11" dI="0" dr="3"/>
          <f x="195.6" y="350.9" kX="-15.5" kY="-9.51" cX="1.22" cY="0.91" pX="45.45" pY="31.95" z="11" dI="0" dr="3"/>
          <f x="185.05" y="294.95" kX="-22.06" kY="-10.17" cX="1.07" cY="1.12" pX="45.6" pY="32.1" z="11" dI="0" dr="2"/>
          <f x="195.35" y="302.75" kX="-7.34" kY="-0.29" cX="1.22" cY="0.98" pX="45.5" pY="32.05" z="11" dI="0" dr="3"/>
          <f x="196" y="342.95" kX="0" kY="0" cX="1" cY="1" pX="45.5" pY="32" z="11" dI="0" dr="6"/>
        </b>
        <b name="ship_2" sc="1" dl="0">
          <f x="148.4" y="187.6" kX="19.24" kY="19.24" cX="1" cY="1" pX="96.55" pY="150.95" z="12" dI="0" dr="3"/>
          <f x="132.5" y="211.35" kX="11.77" kY="13.27" cX="0.93" cY="0.96" pX="96.55" pY="150.95" z="12" dI="0" dr="3"/>
          <f x="148.45" y="123.05" kX="16.16" kY="22.8" cX="0.93" cY="1.07" pX="96.55" pY="150.95" z="12" dI="0" dr="2"/>
          <f x="123.85" y="145.4" kX="8.34" kY="12.35" cX="0.95" cY="1.04" pX="96.5" pY="150.9" z="12" dI="0" dr="3"/>
          <f x="167.95" y="188.3" kX="26.73" kY="26.73" cX="1" cY="1" pX="96.6" pY="150.95" z="12" dI="0" dr="6"/>
        </b>
        <b name="ship_1" sc="1" dl="0">
          <f x="201" y="393.45" kX="0" kY="0" cX="1" cY="1" pX="28" pY="39.5" z="13" dI="0" dr="3"/>
          <f x="207.35" y="399.55" kX="-3.06" kY="-3.06" cX="1.28" cY="0.73" pX="27.95" pY="39.5" z="13" dI="0" dr="3"/>
          <f x="195.8" y="353.5" kX="-6.48" kY="-6.48" cX="0.85" cY="1.26" pX="28.1" pY="39.55" z="13" dI="0" dr="2"/>
          <f x="200" y="354.4" kX="-3.79" kY="-3.79" cX="1.27" cY="0.9" pX="28.2" pY="39.45" z="13" dI="0" dr="3"/>
          <f x="201" y="393.45" kX="0" kY="0" cX="1" cY="1" pX="28" pY="39.5" z="13" dI="0" dr="6"/>
        </b>
      </mov>
      <mov name="cannon5" dr="14" to="6" drTW="14" lp="0" twE="NaN">
        <b name="ship_15" sc="1" dl="0">
          <f x="174.9" y="403" kX="0" kY="0" cX="1" cY="1" pX="79" pY="42" z="0" dI="0" dr="2"/>
          <f x="176.3" y="408.4" kX="0" kY="0" cX="0.99" cY="1.13" pX="79" pY="42" z="0" dI="0" dr="3"/>
          <f x="165.9" y="459" kX="0" kY="0" cX="0.84" cY="1.33" pX="79" pY="42" z="0" dI="0" dr="2"/>
          <f x="179.5" y="416.6" kX="0" kY="0" cX="0.94" cY="1.08" pX="79" pY="42" z="0" dI="0" dr="3"/>
          <f x="174.9" y="403" kX="0" kY="0" cX="1" cY="1" pX="79" pY="42" z="0" dI="0" dr="4"/>
        </b>
        <b name="ship_14" sc="1" dl="0">
          <f x="90.95" y="394" kX="15.69" kY="15.69" cX="1" cY="1" pX="34.95" pY="51.95" z="1" dI="0" dr="2"/>
          <f x="90.55" y="388.1" kX="22.59" kY="22.59" cX="1.1" cY="0.9" pX="34.95" pY="52" z="1" dI="0" dr="3"/>
          <f x="93.9" y="447" kX="33.31" kY="33.31" cX="1.24" cY="0.76" pX="35" pY="51.95" z="1" dI="0" dr="2"/>
          <f x="92.3" y="407.05" kX="3.32" kY="3.32" cX="1.14" cY="0.86" pX="35.05" pY="52" z="1" dI="0" dr="3"/>
          <f x="90.95" y="394" kX="15.69" kY="15.69" cX="1" cY="1" pX="34.95" pY="51.95" z="1" dI="0" dr="4"/>
        </b>
        <b name="ship_13" sc="1" dl="0">
          <f x="144.9" y="368.5" kX="0" kY="0" cX="1" cY="1" pX="94" pY="75.5" z="2" dI="0" dr="2"/>
          <f x="144.9" y="370.55" kX="2.31" kY="0" cX="1.08" cY="1.02" pX="94" pY="75.55" z="2" dI="0" dr="3"/>
          <f x="144.9" y="418.5" kX="6.24" kY="0" cX="0.85" cY="1.22" pX="94" pY="75.5" z="2" dI="0" dr="2"/>
          <f x="144.8" y="386.55" kX="-5.27" kY="0" cX="1.03" cY="0.95" pX="93.8" pY="75.5" z="2" dI="0" dr="3"/>
          <f x="144.9" y="368.5" kX="0" kY="0" cX="1" cY="1" pX="94" pY="75.5" z="2" dI="0" dr="4"/>
        </b>
        <b name="ship_12" sc="1" dl="0">
          <f x="216.95" y="292" kX="12.71" kY="12.71" cX="1" cY="1" pX="51.05" pY="45.05" z="3" dI="0" dr="2"/>
          <f x="226.8" y="298.9" kX="21.96" kY="12.89" cX="1.05" cY="0.96" pX="51" pY="45.1" z="3" dI="0" dr="3"/>
          <f x="208.35" y="334.2" kX="2.33" kY="-20.9" cX="1.13" cY="0.89" pX="51.05" pY="44.95" z="3" dI="0" dr="2"/>
          <f x="211.7" y="308.4" kX="-4.6" kY="-7.31" cX="1.08" cY="0.91" pX="50.95" pY="45" z="3" dI="0" dr="3"/>
          <f x="216.95" y="292" kX="12.71" kY="12.71" cX="1" cY="1" pX="51.05" pY="45.05" z="3" dI="0" dr="4"/>
        </b>
        <b name="ship_11" sc="1" dl="0">
          <f x="112.45" y="266.5" kX="0" kY="0" cX="1" cY="1" pX="26.5" pY="39.5" z="4" dI="0" dr="2"/>
          <f x="101.45" y="271.7" kX="-16.2" kY="-16.2" cX="1" cY="1.05" pX="26.5" pY="39.5" z="4" dI="0" dr="3"/>
          <f x="112.45" y="284.5" kX="0" kY="0" cX="1" cY="1.13" pX="26.5" pY="39.5" z="4" dI="0" dr="2"/>
          <f x="116.45" y="276.25" kX="10.24" kY="10.24" cX="1" cY="1.08" pX="26.5" pY="39.5" z="4" dI="0" dr="3"/>
          <f x="107.45" y="260.5" kX="7.2" kY="7.2" cX="1" cY="1" pX="26.55" pY="39.55" z="4" dI="0" dr="4"/>
        </b>
        <b name="ship_10" sc="1" dl="0">
          <f x="248.65" y="20.9" kX="74.19" kY="69.93" cX="1" cY="1.01" pX="55.5" pY="37.55" z="5" dI="0" dr="2"/>
          <f x="262.75" y="24.85" kX="82.83" kY="78.57" cX="0.92" cY="1.12" pX="55.6" pY="37.55" z="5" dI="0" dr="3"/>
          <f x="139.75" y="19.45" kX="28.24" kY="23.98" cX="1" cY="1.29" pX="55.4" pY="37.55" z="5" dI="0" dr="2"/>
          <f x="137" y="18.15" kX="28.66" kY="24.39" cX="0.98" cY="1.17" pX="55.45" pY="37.6" z="5" dI="0" dr="3"/>
          <f x="296.85" y="58.15" kX="107.72" kY="103.45" cX="0.95" cY="0.94" pX="55.45" pY="37.6" z="5" dI="0" dr="4"/>
        </b>
        <b name="ship_8" sc="1" dl="0">
          <f x="234.3" y="70.45" kX="39.2" kY="39.2" cX="1" cY="1" pX="32.5" pY="37.05" z="6" dI="0" dr="2"/>
          <f x="243.75" y="64.15" kX="49.55" kY="49.55" cX="1" cY="1" pX="32.5" pY="37.05" z="6" dI="0" dr="3"/>
          <f x="160.4" y="72.45" kX="31.68" kY="31.68" cX="1" cY="1" pX="32.5" pY="37.15" z="6" dI="0" dr="2"/>
          <f x="156.75" y="60.1" kX="8.15" kY="8.15" cX="1" cY="1" pX="32.45" pY="37.1" z="6" dI="0" dr="3"/>
          <f x="263.9" y="84.8" kX="61.5" kY="61.5" cX="1" cY="1" pX="32.45" pY="37.1" z="6" dI="0" dr="4"/>
        </b>
        <b name="ship_7" sc="1" dl="0">
          <f x="157" y="377" kX="0" kY="0" cX="1" cY="1" pX="48" pY="54" z="7" dI="0" dr="2"/>
          <f x="157.8" y="381.55" kX="-2.49" kY="-2.49" cX="0.92" cY="1" pX="48" pY="54" z="7" dI="0" dr="3"/>
          <f x="154" y="426" kX="0" kY="0" cX="0.79" cY="1.33" pX="48" pY="54" z="7" dI="0" dr="2"/>
          <f x="158.15" y="393.45" kX="-7.23" kY="-7.23" cX="0.88" cY="1.12" pX="48.05" pY="54.05" z="7" dI="0" dr="3"/>
          <f x="157" y="377" kX="0" kY="0" cX="1" cY="1" pX="48" pY="54" z="7" dI="0" dr="4"/>
        </b>
        <b name="ship_6" sc="1" dl="0">
          <f x="61" y="365.5" kX="0" kY="0" cX="1" cY="1" pX="36" pY="29.5" z="8" dI="0" dr="2"/>
          <f x="58.15" y="368.1" kX="0" kY="0" cX="1.23" cY="0.98" pX="35.95" pY="29.55" z="8" dI="0" dr="3"/>
          <f x="79" y="414.5" kX="0" kY="0" cX="0.81" cY="1.2" pX="36" pY="29.5" z="8" dI="0" dr="2"/>
          <f x="60.85" y="382.85" kX="5.23" kY="5.23" cX="1.02" cY="1.12" pX="36" pY="29.45" z="8" dI="0" dr="3"/>
          <f x="61" y="365.5" kX="0" kY="0" cX="1" cY="1" pX="36" pY="29.5" z="8" dI="0" dr="4"/>
        </b>
        <b name="ship_5" sc="1" dl="0">
          <f x="83.5" y="326.95" kX="-11.47" kY="-11.47" cX="1" cY="1" pX="67.5" pY="60" z="9" dI="0" dr="2"/>
          <f x="85.7" y="329.5" kX="-2.12" kY="-2.12" cX="1.03" cY="1.01" pX="67.55" pY="60.05" z="9" dI="0" dr="3"/>
          <f x="96.5" y="360.9" kX="-11.31" kY="-11.31" cX="0.86" cY="1.34" pX="67.6" pY="60.05" z="9" dI="0" dr="2"/>
          <f x="85.3" y="341.4" kX="5.67" kY="5.67" cX="0.97" cY="1.11" pX="67.6" pY="60.15" z="9" dI="0" dr="3"/>
          <f x="83.5" y="328.95" kX="-18.16" kY="-18.16" cX="1" cY="1" pX="67.55" pY="60" z="9" dI="0" dr="4"/>
        </b>
        <b name="ship_4" sc="1" dl="0">
          <f x="236.75" y="359.2" kX="44.16" kY="44.16" cX="1" cY="1" pX="53.5" pY="42.6" z="10" dI="0" dr="2"/>
          <f x="255.95" y="340.2" kX="-7.69" kY="-7.69" cX="1" cY="1" pX="53.55" pY="42.65" z="10" dI="0" dr="3"/>
          <f x="247.2" y="354.25" kX="-51.44" kY="-51.44" cX="1" cY="1" pX="53.55" pY="42.65" z="10" dI="0" dr="2"/>
          <f x="257" y="342.25" kX="-39.97" kY="-39.97" cX="1" cY="1" pX="53.6" pY="42.5" z="10" dI="0" dr="4"/>
          <f x="231.25" y="363.95" kX="64.96" kY="64.96" cX="1" cY="1" pX="53.5" pY="42.45" z="10" dI="0" dr="2"/>
          <f x="230.75" y="366.2" kX="64.62" kY="64.62" cX="1" cY="1" pX="53.45" pY="42.6" z="10" dI="0" dr="1"/>
        </b>
        <b name="ship_3" sc="1" dl="0">
          <f x="196" y="342.95" kX="0" kY="0" cX="1" cY="1" pX="45.5" pY="32" z="11" dI="0" dr="2"/>
          <f x="195.6" y="347.75" kX="-3.1" kY="-3.1" cX="1.09" cY="0.96" pX="45.5" pY="32.05" z="11" dI="0" dr="3"/>
          <f x="189.95" y="384.95" kX="-14.73" kY="-14.73" cX="1.21" cY="0.89" pX="45.4" pY="32.05" z="11" dI="0" dr="2"/>
          <f x="195.35" y="357.15" kX="-5.09" kY="-5.09" cX="1.22" cY="0.93" pX="45.5" pY="32" z="11" dI="0" dr="3"/>
          <f x="196" y="342.95" kX="0" kY="0" cX="1" cY="1" pX="45.5" pY="32" z="11" dI="0" dr="4"/>
        </b>
        <b name="ship_2" sc="1" dl="0">
          <f x="167.95" y="188.3" kX="26.73" kY="26.73" cX="1" cY="1" pX="96.6" pY="150.95" z="12" dI="0" dr="2"/>
          <f x="174.2" y="184.45" kX="26.01" kY="27.97" cX="0.91" cY="1.04" pX="96.5" pY="150.95" z="12" dI="0" dr="3"/>
          <f x="133.5" y="216.25" kX="6.64" kY="11.23" cX="0.78" cY="1.1" pX="96.55" pY="150.8" z="12" dI="0" dr="2"/>
          <f x="132.05" y="199.6" kX="10.85" kY="13.61" cX="0.87" cY="1.06" pX="96.65" pY="150.85" z="12" dI="0" dr="3"/>
          <f x="180.6" y="189.45" kX="32.03" kY="32.03" cX="1" cY="1" pX="96.55" pY="150.95" z="12" dI="0" dr="4"/>
        </b>
        <b name="ship_1" sc="1" dl="0">
          <f x="201" y="393.45" kX="0" kY="0" cX="1" cY="1" pX="28" pY="39.5" z="13" dI="0" dr="2"/>
          <f x="204.15" y="396.05" kX="4.81" kY="4.81" cX="1.21" cY="0.95" pX="27.9" pY="39.55" z="13" dI="0" dr="3"/>
          <f x="191.45" y="449.8" kX="12.45" kY="12.44" cX="0.8" cY="1.25" pX="28.05" pY="39.55" z="13" dI="0" dr="2"/>
          <f x="201.25" y="413.1" kX="7.31" kY="7.31" cX="1.06" cY="1.04" pX="28" pY="39.45" z="13" dI="0" dr="3"/>
          <f x="201" y="393.45" kX="0" kY="0" cX="1" cY="1" pX="28" pY="39.5" z="13" dI="0" dr="4"/>
        </b>
      </mov>
    </animation>
  </animations>
</skeleton>