<TextureAtlas name="ShipNEW_animClassic3" width="512" height="512">
  <SubTexture name="animShip_1" width="56" height="79" x="299" y="360"/>
  <SubTexture name="animShip_2" width="193" height="302" x="0" y="0"/>
  <SubTexture name="animShip_3" width="91" height="64" x="0" y="304"/>
  <SubTexture name="animShip_4" width="107" height="85" x="385" y="110"/>
  <SubTexture name="animShip_5" width="135" height="120" x="195" y="153"/>
  <SubTexture name="animShip_6" width="72" height="59" x="160" y="367"/>
  <SubTexture name="animShip_7" width="96" height="108" x="385" y="0"/>
  <SubTexture name="animShip_8" width="65" height="74" x="93" y="304"/>
  <SubTexture name="animShip_10" width="111" height="75" x="299" y="283"/>
  <SubTexture name="animShip_11" width="53" height="79" x="357" y="360"/>
  <SubTexture name="animShip_12" width="102" height="90" x="195" y="275"/>
  <SubTexture name="animShip_13" width="188" height="151" x="195" y="0"/>
  <SubTexture name="animShip_14" width="70" height="104" x="412" y="283"/>
  <SubTexture name="animShip_15" width="158" height="84" x="332" y="197"/>
</TextureAtlas>